municipio_id,municipio,latitude,longitude,acidentes,acidentes_mes,d_max
ADRIANOPOLIS 01,ADRIANOPOLIS,-24.8,-49.1,1,0.0432688078798826,160
ADRIANOPOLIS 02,ADRIANOPOLIS,-24.8,-49.0,3,0.0970938373721255,160
ALTO PARAISO 01,ALTO PARAISO,-23.4,-53.8,1,0.0341436122439965,160
ALTO PARANA 01,ALTO PARANA,-23.2,-52.3,17,0.4012812763711291,160
ALTO PARANA 02,ALTO PARANA,-23.1,-52.3,61,1.2490603578439885,80
ANDIRA 01,ANDIRA,-23.1,-50.2,11,0.2258481495207005,160
ANDIRA 02,ANDIRA,-23.0,-50.2,53,1.129314429802857,80
ANTONIO OLINTO 01,ANTONIO OLINTO,-25.9,-50.2,47,0.9623907675191388,160
APUCARANA 01,APUCARANA,-23.6,-51.5,210,4.288503496667714,40
APUCARANA 02,APUCARANA,-23.6,-51.4,255,5.207468531667938,20
APUCARANA 03,APUCARANA,-23.5,-51.5,85,1.7714797669704143,80
ARAPONGAS 01,ARAPONGAS,-23.5,-51.4,179,3.67516534220049,40
ARAPONGAS 02,ARAPONGAS,-23.4,-51.5,1,0.0447313720321227,160
ARAPONGAS 03,ARAPONGAS,-23.4,-51.4,327,6.6778125876682966,20
ARARUNA 01,ARARUNA,-24.0,-52.6,9,0.1921739782408814,160
ARAUCARIA 01,ARAUCARIA,-25.6,-49.5,32,0.6592362871679374,160
ARAUCARIA 02,ARAUCARIA,-25.6,-49.4,302,6.183872591293189,20
BALSA NOVA 01,BALSA NOVA,-25.6,-49.6,24,0.4934252938005208,160
BALSA NOVA 02,BALSA NOVA,-25.5,-49.7,145,2.969077899793088,40
BALSA NOVA 03,BALSA NOVA,-25.5,-49.6,169,3.486311046007984,40
BALSA NOVA 04,BALSA NOVA,-25.4,-49.7,10,0.2587208514693999,160
BANDEIRANTES 01,BANDEIRANTES,-23.1,-50.4,69,1.4147751314787298,80
BANDEIRANTES 02,BANDEIRANTES,-23.1,-50.3,59,1.2598071906902226,80
BARRACAO 01,BARRACAO,-26.3,-53.6,37,0.8093535504440329,160
BARRACAO 02,BARRACAO,-26.3,-53.5,2,0.042437385053978,160
BARRACAO 03,BARRACAO,-26.2,-53.6,33,0.6968164145238758,160
BOCAIUVA DO SUL 01,BOCAIUVA DO SUL,-25.2,-49.1,66,1.3926666634891731,80
BOCAIUVA DO SUL 02,BOCAIUVA DO SUL,-25.1,-49.1,25,0.5129452340194792,160
CALIFORNIA 01,CALIFORNIA,-23.7,-51.4,36,0.7351720280001794,160
CALIFORNIA 02,CALIFORNIA,-23.7,-51.3,52,1.0719845370971244,80
CAMBARA 01,CAMBARA,-23.0,-50.1,45,0.92830767497254,160
CAMBARA 02,CAMBARA,-23.0,-50.0,14,0.2935823509375838,160
CAMBE 01,CAMBE,-23.3,-51.3,228,4.662345858637774,40
CAMPINA GRANDE DO SUL 01,CAMPINA GRANDE DO SUL,-25.3,-49.0,149,3.0489323286408374,40
CAMPINA GRANDE DO SUL 02,CAMPINA GRANDE DO SUL,-25.3,-48.9,80,1.6337156177781766,80
CAMPINA GRANDE DO SUL 03,CAMPINA GRANDE DO SUL,-25.2,-49.0,1,0.026342308834483,160
CAMPINA GRANDE DO SUL 04,CAMPINA GRANDE DO SUL,-25.2,-48.9,354,7.243772109656755,20
CAMPINA GRANDE DO SUL 05,CAMPINA GRANDE DO SUL,-25.2,-48.8,1,0.0256324151968078,160
CAMPINA GRANDE DO SUL 06,CAMPINA GRANDE DO SUL,-25.1,-48.9,40,0.834208742327413,160
CAMPINA GRANDE DO SUL 07,CAMPINA GRANDE DO SUL,-25.1,-48.8,279,5.732197077246373,20
CAMPINA GRANDE DO SUL 08,CAMPINA GRANDE DO SUL,-25.1,-48.7,372,7.6274833175375,20
CAMPINA GRANDE DO SUL 09,CAMPINA GRANDE DO SUL,-25.1,-48.6,165,3.374066081908916,40
CAMPO BONITO 01,CAMPO BONITO,-25.0,-53.0,2,0.0409252661562528,160
CAMPO LARGO 01,CAMPO LARGO,-25.5,-49.5,50,1.0245092037317305,160
CAMPO LARGO 02,CAMPO LARGO,-25.4,-49.6,55,1.1369099439322314,80
CAMPO LARGO 03,CAMPO LARGO,-25.4,-49.5,221,4.5192036612234565,40
CAMPO LARGO 04,CAMPO LARGO,-25.4,-49.4,397,8.173118230022503,20
CAMPO MOURAO 01,CAMPO MOURAO,-24.2,-52.5,10,0.2061508725186777,160
CAMPO MOURAO 02,CAMPO MOURAO,-24.1,-52.5,24,0.5453672462168103,160
CAMPO MOURAO 03,CAMPO MOURAO,-24.1,-52.4,106,2.1778239791688727,80
CAMPO MOURAO 04,CAMPO MOURAO,-24.1,-52.3,6,0.1235231974310705,160
CAMPO MOURAO 05,CAMPO MOURAO,-24.0,-52.5,16,0.3364499056305995,160
CAMPO MOURAO 06,CAMPO MOURAO,-24.0,-52.4,90,1.8528479614660585,80
CAMPO MOURAO 07,CAMPO MOURAO,-24.0,-52.3,9,0.1920392551545612,160
CANDOI 01,CANDOI,-25.7,-52.2,13,0.2663723929702499,160
CANDOI 02,CANDOI,-25.7,-52.1,28,0.6255207236665552,160
CANDOI 03,CANDOI,-25.6,-52.1,24,0.5015562380621543,160
CANDOI 04,CANDOI,-25.6,-52.0,10,0.2227462940796295,160
CANDOI 05,CANDOI,-25.5,-52.0,32,0.6592362871679374,160
CANDOI 06,CANDOI,-25.5,-51.9,5,0.1450152730720463,160
CANDOI 07,CANDOI,-25.4,-52.0,35,0.7171564426122113,160
CANDOI 08,CANDOI,-25.4,-51.9,25,0.5300977620489232,160
CANDOI 09,CANDOI,-25.4,-51.8,31,0.6465117753037452,160
CANTAGALO 01,CANTAGALO,-25.4,-52.1,78,1.593942173615112,80
CAPANEMA 01,CAPANEMA,-25.6,-53.8,32,0.6605776188282052,160
CAPANEMA 02,CAPANEMA,-25.6,-53.7,10,0.2189015233071979,160
CAPITAO LEONIDAS MARQUES 01,CAPITAO LEONIDAS MARQUES,-25.5,-53.6,58,1.1916395357716474,80
CASCAVEL 01,CASCAVEL,-25.1,-53.2,20,0.4228997537665554,160
CASCAVEL 02,CASCAVEL,-25.0,-53.6,170,3.5188649291728358,40
CASCAVEL 03,CASCAVEL,-25.0,-53.5,398,8.127735198446429,20
CASCAVEL 04,CASCAVEL,-25.0,-53.4,414,8.460154613803287,20
CASCAVEL 05,CASCAVEL,-25.0,-53.3,59,1.2089208604034418,80
CASCAVEL 06,CASCAVEL,-25.0,-53.2,1,0.021458039858136,160
CASCAVEL 07,CASCAVEL,-24.9,-53.6,97,1.980880186556039,80
CASCAVEL 08,CASCAVEL,-24.9,-53.5,133,2.717875757574486,80
CASCAVEL 09,CASCAVEL,-24.9,-53.4,65,1.33096595507966,80
CASCAVEL 10,CASCAVEL,-24.9,-53.3,19,0.416512003831647,160
CASCAVEL 11,CASCAVEL,-24.8,-53.6,42,0.9025102159953298,160
CATANDUVAS 01,CATANDUVAS,-25.2,-53.2,3,0.0644650154282378,160
CATANDUVAS 02,CATANDUVAS,-25.1,-53.1,25,0.6051372360143328,160
CEU AZUL 01,CEU AZUL,-25.2,-53.8,13,0.3102304651494414,160
CEU AZUL 02,CEU AZUL,-25.1,-53.8,75,1.532636705399146,80
CEU AZUL 03,CEU AZUL,-25.1,-53.7,42,0.8807470528127516,160
CHOPINZINHO 01,CHOPINZINHO,-25.9,-52.4,23,0.4741470067929589,160
CHOPINZINHO 02,CHOPINZINHO,-25.9,-52.3,1,0.0235317823299262,160
CHOPINZINHO 03,CHOPINZINHO,-25.8,-52.3,18,0.37107157053362,160
COLOMBO 01,COLOMBO,-25.3,-49.2,161,3.303367307085446,40
COLOMBO 02,COLOMBO,-25.3,-49.1,44,0.903392598082802,160
CONSELHEIRO MAIRINCK 01,CONSELHEIRO MAIRINCK,-23.6,-50.2,7,0.1584738777713159,160
CONSELHEIRO MAIRINCK 02,CONSELHEIRO MAIRINCK,-23.6,-50.1,14,0.2899860873574443,160
CONSELHEIRO MAIRINCK 03,CONSELHEIRO MAIRINCK,-23.5,-50.1,20,0.4397004377682442,160
CONTENDA 01,CONTENDA,-25.7,-49.6,62,1.3109892366763218,80
CONTENDA 02,CONTENDA,-25.7,-49.5,73,1.4978000833368794,80
CORBELIA 01,CORBELIA,-24.8,-53.3,69,1.4282451771348563,80
CORBELIA 02,CORBELIA,-24.7,-53.3,9,0.186292849191503,160
CORBELIA 03,CORBELIA,-24.7,-53.2,33,0.7026661285759821,160
CORBELIA 04,CORBELIA,-24.6,-53.2,28,0.6020985570267837,160
CORNELIO PROCOPIO 01,CORNELIO PROCOPIO,-23.2,-50.7,102,2.085786305180057,80
CORNELIO PROCOPIO 02,CORNELIO PROCOPIO,-23.2,-50.6,78,1.61015794589375,80
CORONEL VIVIDA 01,CORONEL VIVIDA,-26.0,-52.6,89,1.8434829839151816,80
CORONEL VIVIDA 02,CORONEL VIVIDA,-26.0,-52.5,24,0.520126616584316,160
CORONEL VIVIDA 03,CORONEL VIVIDA,-26.0,-52.4,5,0.1506124516684923,160
CRUZEIRO DO OESTE 01,CRUZEIRO DO OESTE,-23.8,-53.0,6,0.1340401550714046,160
CURITIBA 01,CURITIBA,-25.6,-49.3,898,18.36309903972246,10
CURITIBA 02,CURITIBA,-25.5,-49.4,139,2.9269528805953566,40
CURITIBA 03,CURITIBA,-25.5,-49.3,1637,33.42990582878594,5
CURITIBA 04,CURITIBA,-25.4,-49.3,315,6.43275524500157,20
CURITIBA 05,CURITIBA,-25.4,-49.2,1138,23.255207609923044,5
FAROL 01,FAROL,-24.1,-52.7,8,0.1741194074276681,160
FAROL 02,FAROL,-24.1,-52.6,17,0.3681608788014758,160
FAZENDA RIO GRANDE 01,FAZENDA RIO GRANDE,-25.7,-49.3,128,2.6262795981797336,80
FERNANDES PINHEIRO 01,FERNANDES PINHEIRO,-25.5,-50.5,35,0.7334505501314815,160
FLOR DA SERRA DO SUL 01,FLOR DA SERRA DO SUL,-26.3,-53.4,1,0.0470840636991817,160
FLOR DA SERRA DO SUL 02,FLOR DA SERRA DO SUL,-26.3,-53.3,14,0.319083782975515,160
FLOR DA SERRA DO SUL 03,FLOR DA SERRA DO SUL,-26.2,-53.3,6,0.1281159854939209,160
FOZ DO IGUACU 01,FOZ DO IGUACU,-25.6,-54.6,33,0.6886941027187069,160
FOZ DO IGUACU 02,FOZ DO IGUACU,-25.6,-54.5,137,2.8033807317033204,80
FOZ DO IGUACU 03,FOZ DO IGUACU,-25.5,-54.6,468,9.563653041690673,20
FOZ DO IGUACU 04,FOZ DO IGUACU,-25.5,-54.5,423,8.638271329002109,20
FRANCISCO ALVES 01,FRANCISCO ALVES,-24.1,-53.9,11,0.2375456687267388,160
FRANCISCO ALVES 02,FRANCISCO ALVES,-24.1,-53.8,7,0.1764548767818607,160
GENERAL CARNEIRO 01,GENERAL CARNEIRO,-26.6,-51.5,5,0.1429717238986107,160
GENERAL CARNEIRO 02,GENERAL CARNEIRO,-26.6,-51.4,8,0.2309242077672975,160
GENERAL CARNEIRO 03,GENERAL CARNEIRO,-26.5,-51.4,11,0.2951293565805502,160
GENERAL CARNEIRO 04,GENERAL CARNEIRO,-26.5,-51.3,8,0.2287547582377771,160
GENERAL CARNEIRO 05,GENERAL CARNEIRO,-26.4,-51.3,45,1.142871521706139,80
GOIOERE 01,GOIOERE,-24.2,-53.0,22,0.4504807847961926,160
GOIOERE 02,GOIOERE,-24.2,-52.9,7,0.1999725464730137,160
GOIOERE 03,GOIOERE,-24.1,-52.9,6,0.1308703054016685,160
GUAIRA 01,GUAIRA,-24.3,-54.2,21,0.4297152946406549,160
GUAIRA 02,GUAIRA,-24.2,-54.3,2,0.0660639395400797,160
GUAIRA 03,GUAIRA,-24.2,-54.2,21,0.4600240475120541,160
GUAIRA 04,GUAIRA,-24.1,-54.3,14,0.3086821699108841,160
GUAIRA 05,GUAIRA,-24.1,-54.2,48,0.9822063877500684,160
GUAIRACA 01,GUAIRACA,-23.0,-52.8,1,0.0469388404229787,160
GUAIRACA 02,GUAIRACA,-23.0,-52.7,25,0.517480136643064,160
GUAIRACA 03,GUAIRACA,-22.9,-52.8,9,0.1897775231771046,160
GUAIRACA 04,GUAIRACA,-22.9,-52.7,10,0.2092691372391118,160
GUAMIRANGA 01,GUAMIRANGA,-25.2,-50.8,40,0.8440404021146506,160
GUAPIRAMA 01,GUAPIRAMA,-23.5,-50.0,1,0.0246964981472174,160
GUARANIACU 01,GUARANIACU,-25.2,-52.7,20,0.4243738505397806,160
GUARANIACU 02,GUARANIACU,-25.1,-52.9,77,1.593838820860637,80
GUARANIACU 03,GUARANIACU,-25.1,-52.8,28,0.5718004662223618,160
GUARANIACU 04,GUARANIACU,-25.1,-52.7,35,0.7249652183936108,160
GUARAPUAVA 01,GUARAPUAVA,-25.6,-51.5,1,0.0238826069749433,160
GUARAPUAVA 02,GUARAPUAVA,-25.4,-51.7,43,0.8931026967640623,160
GUARAPUAVA 03,GUARAPUAVA,-25.4,-51.6,56,1.2153595148444738,80
GUARAPUAVA 04,GUARAPUAVA,-25.4,-51.5,186,3.8009390293898826,40
GUARAPUAVA 05,GUARAPUAVA,-25.4,-51.4,24,0.5019008467818297,160
GUARAPUAVA 06,GUARAPUAVA,-25.4,-51.3,63,1.2926219897290876,80
GUARAPUAVA 07,GUARAPUAVA,-25.4,-51.2,13,0.270007792044949,160
GUARAPUAVA 08,GUARAPUAVA,-25.3,-51.5,1,0.0550956613821262,160
GUARAPUAVA 09,GUARAPUAVA,-25.3,-51.4,91,1.86964134060724,80
GUARAPUAVA 10,GUARAPUAVA,-25.3,-51.2,68,1.38865827511145,80
GUARATUBA 01,GUARATUBA,-26.0,-48.9,33,0.6882222124201158,160
GUARATUBA 02,GUARATUBA,-25.9,-49.0,270,5.513790210001346,20
GUARATUBA 03,GUARATUBA,-25.9,-48.9,373,7.617199067890748,20
GUARATUBA 04,GUARATUBA,-25.9,-48.6,47,1.1017348263464868,80
IBAITI 01,IBAITI,-23.9,-50.2,53,1.1301055782239056,80
IBAITI 02,IBAITI,-23.8,-50.2,67,1.3765491189086272,80
IBEMA 01,IBEMA,-25.1,-53.0,65,1.3611852767943569,80
IBIPORA 01,IBIPORA,-23.3,-51.0,158,3.28387404885581,40
IMBAU 01,IMBAU,-24.5,-50.8,13,0.2793484001890306,160
IMBAU 02,IMBAU,-24.5,-50.7,52,1.0669260867605168,80
IMBAU 03,IMBAU,-24.4,-50.8,56,1.1528831760233251,80
IMBITUVA 01,IMBITUVA,-25.3,-50.6,28,0.6020985570267837,160
IMBITUVA 02,IMBITUVA,-25.2,-50.7,56,1.1662939598400377,80
IMBITUVA 03,IMBITUVA,-25.2,-50.6,54,1.1308308453368503,80
IMBITUVA 04,IMBITUVA,-25.2,-50.5,13,0.2726121830134707,160
IPIRANGA 01,IPIRANGA,-25.1,-50.5,7,0.1457867449800047,160
IPIRANGA 02,IPIRANGA,-25.1,-50.4,41,0.8730094324731899,160
IPIRANGA 03,IPIRANGA,-25.0,-50.6,5,0.1105640060682041,160
IRATI 01,IRATI,-25.5,-50.7,75,1.539873746732049,80
IRATI 02,IRATI,-25.5,-50.6,164,3.353617196564013,40
IRATI 03,IRATI,-25.4,-50.8,28,0.5725687896572705,160
IRATI 04,IRATI,-25.4,-50.7,19,0.389051586869439,160
IRATI 05,IRATI,-25.4,-50.6,21,0.4358690004982314,160
IRETAMA 01,IRETAMA,-24.3,-52.1,4,0.0861967725106299,160
JACAREZINHO 01,JACAREZINHO,-23.2,-50.0,128,2.6192170340001826,80
JACAREZINHO 02,JACAREZINHO,-23.1,-50.0,4,0.0929060394458145,160
JACAREZINHO 03,JACAREZINHO,-23.1,-49.9,35,0.7977094574387876,160
JACAREZINHO 04,JACAREZINHO,-23.0,-49.9,20,0.4194033584822626,160
JANDAIA DO SUL 01,JANDAIA DO SUL,-23.7,-51.7,22,0.4513918059371417,160
JANDAIA DO SUL 02,JANDAIA DO SUL,-23.7,-51.6,1,0.0276840587141485,160
JANDAIA DO SUL 03,JANDAIA DO SUL,-23.6,-51.6,156,3.196468715642999,40
JANIOPOLIS 01,JANIOPOLIS,-24.1,-52.8,20,0.4276533162034319,160
JAPIRA 01,JAPIRA,-23.8,-50.1,1,0.0235864888780398,160
JAPIRA 02,JAPIRA,-23.7,-50.2,14,0.3086821699108841,160
JATAIZINHO 01,JATAIZINHO,-23.3,-50.9,27,0.592312082666824,160
JURANDA 01,JURANDA,-24.5,-52.8,1,0.0287564385925235,160
JURANDA 02,JURANDA,-24.4,-52.8,20,0.4100797482547043,160
JURANDA 03,JURANDA,-24.4,-52.7,3,0.0613878992343792,160
JURANDA 04,JURANDA,-24.3,-52.7,22,0.4730774376639015,160
LAPA 01,LAPA,-25.9,-50.1,80,1.6392147259707688,80
LAPA 02,LAPA,-25.9,-50.0,46,0.9639635801728044,160
LAPA 03,LAPA,-25.9,-49.9,6,0.1238583035302884,160
LAPA 04,LAPA,-25.8,-49.9,44,0.9188888541056024,160
LAPA 05,LAPA,-25.8,-49.8,47,0.971541224814816,160
LAPA 06,LAPA,-25.8,-49.7,23,0.4725467124611705,160
LAPA 07,LAPA,-25.7,-49.7,49,1.0067299526346676,160
LARANJEIRAS DO SUL 01,LARANJEIRAS DO SUL,-25.4,-52.5,17,0.3614737639059354,160
LARANJEIRAS DO SUL 02,LARANJEIRAS DO SUL,-25.4,-52.4,93,1.9017463370759344,80
LARANJEIRAS DO SUL 03,LARANJEIRAS DO SUL,-25.4,-52.3,22,0.4550730387261771,160
LARANJEIRAS DO SUL 04,LARANJEIRAS DO SUL,-25.3,-52.4,2,0.2992267257349485,160
LARANJEIRAS DO SUL 05,LARANJEIRAS DO SUL,-25.3,-52.3,6,0.1775716667102198,160
LARANJEIRAS DO SUL 06,LARANJEIRAS DO SUL,-25.1,-52.6,1,0.0217338428767094,160
LINDOESTE 01,LINDOESTE,-25.3,-53.6,56,1.1466783612993994,80
LINDOESTE 02,LINDOESTE,-25.2,-53.6,43,0.933222484612721,160
LOANDA 01,LOANDA,-22.9,-52.9,9,0.197722379087102,160
LONDRINA 01,LONDRINA,-23.3,-51.2,442,9.08111508294945,20
LONDRINA 02,LONDRINA,-23.3,-51.1,339,6.92751790840414,20
LUIZIANA 01,LUIZIANA,-24.3,-52.2,3,0.07164782092483,160
LUIZIANA 02,LUIZIANA,-24.2,-52.3,3,0.0679173761877068,160
LUIZIANA 03,LUIZIANA,-24.2,-52.2,2,0.0443868406265508,160
MALLET 01,MALLET,-26.0,-50.8,33,0.6939279303631116,160
MALLET 02,MALLET,-25.9,-50.8,14,0.2950051036325142,160
MALLET 03,MALLET,-25.8,-50.9,7,0.1485308476889232,160
MALLET 04,MALLET,-25.8,-50.8,19,0.3895757608419691,160
MAMBORE 01,MAMBORE,-24.3,-52.6,15,0.3092263087780166,160
MAMBORE 02,MAMBORE,-24.3,-52.5,17,0.3889150133485288,160
MANDAGUACU 01,MANDAGUACU,-23.3,-52.1,48,0.9815464965553208,160
MANDAGUARI 01,MANDAGUARI,-23.6,-51.7,78,1.6200467522696944,80
MANDAGUARI 02,MANDAGUARI,-23.5,-51.7,201,4.107466370469711,40
MANDIRITUBA 01,MANDIRITUBA,-25.9,-49.4,94,2.0015338207921918,80
MANDIRITUBA 02,MANDIRITUBA,-25.8,-49.4,7,0.1611102420295108,160
MANDIRITUBA 03,MANDIRITUBA,-25.8,-49.3,155,3.178118048973958,40
MARECHAL CANDIDO RONDON 01,MARECHAL CANDIDO RONDON,-24.6,-54.0,95,1.9400372961115848,80
MARECHAL CANDIDO RONDON 02,MARECHAL CANDIDO RONDON,-24.5,-54.1,62,1.323865183437183,80
MARECHAL CANDIDO RONDON 03,MARECHAL CANDIDO RONDON,-24.5,-54.0,18,0.4012369667400406,160
MARIALVA 01,MARIALVA,-23.5,-51.8,223,4.557039804053462,40
MARILANDIA DO SUL 01,MARILANDIA DO SUL,-23.8,-51.3,42,0.8623292981699474,160
MARINGA 01,MARINGA,-23.4,-52.1,161,3.2900601275901677,40
MARINGA 02,MARINGA,-23.4,-52.0,457,9.332600466557832,20
MARINGA 03,MARINGA,-23.4,-51.9,1239,25.336168942334226,5
MARINGA 04,MARINGA,-23.4,-51.8,1,0.0300037151153441,160
MARMELEIRO 01,MARMELEIRO,-26.2,-53.2,21,0.4346833147801737,160
MARMELEIRO 02,MARMELEIRO,-26.2,-53.1,28,0.5831469799200188,160
MARMELEIRO 03,MARMELEIRO,-26.2,-53.0,10,0.2437998717396104,160
MARMELEIRO 04,MARMELEIRO,-26.1,-53.0,3,0.0806319778309938,160
MARQUINHO 01,MARQUINHO,-25.2,-52.3,9,0.2006184833700203,160
MARQUINHO 02,MARQUINHO,-25.1,-52.3,9,0.189122411703306,160
MARQUINHO 03,MARQUINHO,-25.0,-52.3,9,0.1868010002135277,160
MATELANDIA 01,MATELANDIA,-25.3,-54.0,150,3.081826385616329,40
MATELANDIA 02,MATELANDIA,-25.2,-54.0,74,1.5152535488599206,80
MATELANDIA 03,MATELANDIA,-25.2,-53.9,146,3.0077655602037145,40
MAUA DA SERRA 01,MAUA DA SERRA,-23.9,-51.3,15,0.31520401950551,160
MAUA DA SERRA 02,MAUA DA SERRA,-23.9,-51.2,86,1.7586041396616163,80
MAUA DA SERRA 03,MAUA DA SERRA,-23.9,-51.1,74,1.5122015493271574,80
MEDIANEIRA 01,MEDIANEIRA,-25.3,-54.1,127,2.602253377478595,80
MERCEDES 01,MERCEDES,-24.5,-54.2,3,0.1085174987131387,160
MERCEDES 02,MERCEDES,-24.4,-54.2,19,0.4225994165788612,160
MORRETES 01,MORRETES,-25.6,-48.9,131,2.689646144291979,80
MORRETES 02,MORRETES,-25.6,-48.8,163,3.34214994827584,40
MORRETES 03,MORRETES,-25.5,-48.8,131,2.6752093241117643,80
MORRETES 04,MORRETES,-25.5,-48.7,112,2.403300464111242,80
NOVA ESPERANCA 01,NOVA ESPERANCA,-23.2,-52.2,112,2.3151620676438167,80
NOVA LARANJEIRAS 01,NOVA LARANJEIRAS,-25.3,-52.6,67,1.3784100284778964,80
NOVA LARANJEIRAS 02,NOVA LARANJEIRAS,-25.3,-52.5,50,1.0492312876422147,80
NOVA LARANJEIRAS 03,NOVA LARANJEIRAS,-25.2,-52.6,24,0.4977965406518764,160
NOVA LONDRINA 01,NOVA LONDRINA,-22.9,-53.0,11,0.2329184890293008,160
NOVA LONDRINA 02,NOVA LONDRINA,-22.8,-53.0,9,0.2144386782321435,160
ORTIGUEIRA 01,ORTIGUEIRA,-24.3,-50.9,26,0.5440997568216909,160
ORTIGUEIRA 02,ORTIGUEIRA,-24.3,-50.8,8,0.179378507011606,160
ORTIGUEIRA 03,ORTIGUEIRA,-24.2,-51.0,46,0.9419143682102208,160
ORTIGUEIRA 04,ORTIGUEIRA,-24.2,-50.9,47,0.971541224814816,160
ORTIGUEIRA 05,ORTIGUEIRA,-24.1,-51.1,28,0.5974554604808572,160
ORTIGUEIRA 06,ORTIGUEIRA,-24.1,-51.0,40,0.8662608912975902,160
ORTIGUEIRA 07,ORTIGUEIRA,-24.0,-51.1,162,3.3104952836621555,40
PALMEIRA 01,PALMEIRA,-25.5,-50.3,55,1.1307662982928604,80
PALMEIRA 02,PALMEIRA,-25.5,-50.2,25,0.5410281033764847,160
PALMEIRA 03,PALMEIRA,-25.5,-50.0,2,0.0609690522497979,160
PALMEIRA 04,PALMEIRA,-25.4,-50.2,21,0.4606871754075298,160
PALMEIRA 05,PALMEIRA,-25.4,-50.1,55,1.1246886939696386,80
PALMEIRA 06,PALMEIRA,-25.4,-50.0,62,1.2781354096158022,80
PALMEIRA 07,PALMEIRA,-25.4,-49.8,77,1.584142868549224,80
PALMEIRA 08,PALMEIRA,-25.3,-49.8,12,0.2487287715381023,160
PALMITAL 01,PALMITAL,-24.9,-52.3,2,0.0442899569323618,160
PARANAGUA 01,PARANAGUA,-25.6,-48.7,20,0.4214358623321632,160
PARANAGUA 02,PARANAGUA,-25.6,-48.6,375,7.658041958335203,20
PARANAGUA 03,PARANAGUA,-25.6,-48.5,1,0.023901361423981,160
PARANAGUA 04,PARANAGUA,-25.5,-48.6,69,1.4292171448331183,80
PARANAGUA 05,PARANAGUA,-25.5,-48.5,254,5.190529642285108,20
PARANAVAI 01,PARANAVAI,-23.1,-52.5,2,0.0536126237753199,160
PARANAVAI 02,PARANAVAI,-23.1,-52.4,106,2.164673193556084,80
PARANAVAI 03,PARANAVAI,-23.0,-52.6,32,0.6659979768357523,160
PARANAVAI 04,PARANAVAI,-23.0,-52.5,51,1.0563778896592615,80
PATO BRANCO 01,PATO BRANCO,-26.3,-52.7,29,0.6023250745618094,160
PATO BRANCO 02,PATO BRANCO,-26.2,-52.8,1,0.0309180565793007,160
PATO BRANCO 03,PATO BRANCO,-26.2,-52.7,220,4.504807847961926,40
PATO BRANCO 04,PATO BRANCO,-26.1,-52.7,10,0.2198502188841221,160
PATO BRANCO 05,PATO BRANCO,-26.1,-52.6,46,0.9400171793114764,160
PAULA FREITAS 01,PAULA FREITAS,-26.2,-50.9,35,0.7483933033560058,160
PAULA FREITAS 02,PAULA FREITAS,-26.1,-50.9,7,0.146186863153164,160
PAULO FRONTIN 01,PAULO FRONTIN,-26.1,-50.8,32,0.6687416507495391,160
PAULO FRONTIN 02,PAULO FRONTIN,-26.1,-50.7,10,0.2086951826420324,160
PAULO FRONTIN 03,PAULO FRONTIN,-26.0,-50.7,38,0.7786269948361151,160
PEABIRU 01,PEABIRU,-23.9,-52.3,5,0.1044908829296154,160
PEROLA DOESTE 01,PEROLA DOESTE,-25.9,-53.8,8,0.1728831474964045,160
PEROLA DOESTE 02,PEROLA DOESTE,-25.9,-53.7,18,0.3814046823324554,160
PEROLA DOESTE 03,PEROLA DOESTE,-25.8,-53.8,40,0.8212659982570928,160
PEROLA DOESTE 04,PEROLA DOESTE,-25.8,-53.7,9,0.1847848496078458,160
PIRAQUARA 01,PIRAQUARA,-25.4,-49.1,277,5.702654281401091,20
PLANALTO 01,PLANALTO,-25.7,-53.8,65,1.3408888638492242,80
PONTA GROSSA 01,PONTA GROSSA,-25.3,-50.0,53,1.0837909232798335,80
PONTA GROSSA 02,PONTA GROSSA,-25.3,-49.9,88,1.7995019103514216,80
PONTA GROSSA 03,PONTA GROSSA,-25.2,-50.1,207,4.23576504717217,40
PONTA GROSSA 04,PONTA GROSSA,-25.2,-50.0,30,0.6396824027682485,160
PONTA GROSSA 05,PONTA GROSSA,-25.1,-50.3,14,0.2888068322136791,160
PONTA GROSSA 06,PONTA GROSSA,-25.1,-50.2,472,9.63892214489124,20
PONTA GROSSA 07,PONTA GROSSA,-25.1,-50.1,15,0.3292996120000054,160
PONTA GROSSA 08,PONTA GROSSA,-25.0,-50.4,36,0.7361598724164907,160
PONTA GROSSA 09,PONTA GROSSA,-25.0,-50.3,149,3.086280501161372,40
PONTA GROSSA 10,PONTA GROSSA,-25.0,-50.2,48,1.010746318478972,160
PORTO AMAZONAS 01,PORTO AMAZONAS,-25.5,-49.9,61,1.2660956681139106,80
PORTO AMAZONAS 02,PORTO AMAZONAS,-25.5,-49.8,27,0.558878547574509,160
PORTO VITORIA 01,PORTO VITORIA,-26.3,-51.3,4,0.0848156419278277,160
PORTO VITORIA 02,PORTO VITORIA,-26.3,-51.2,43,0.8787117110955105,160
PORTO VITORIA 03,PORTO VITORIA,-26.2,-51.2,15,0.3510767295029218,160
PRANCHITA 01,PRANCHITA,-26.0,-53.8,1,0.0240145095983577,160
PRANCHITA 02,PRANCHITA,-26.0,-53.7,40,0.8359270634369238,160
PRESIDENTE CASTELO BRANCO 01,PRESIDENTE CASTELO BRANCO,-23.3,-52.2,29,0.5966252362068506,160
PRUDENTOPOLIS 01,PRUDENTOPOLIS,-25.4,-50.9,15,0.3211912769605051,160
PRUDENTOPOLIS 02,PRUDENTOPOLIS,-25.3,-51.1,55,1.1597515305267505,80
PRUDENTOPOLIS 03,PRUDENTOPOLIS,-25.3,-51.0,21,0.4674251416541622,160
PRUDENTOPOLIS 04,PRUDENTOPOLIS,-25.3,-50.9,2,0.0632496027336857,160
PRUDENTOPOLIS 05,PRUDENTOPOLIS,-25.2,-51.1,1,0.0348074010488178,160
PRUDENTOPOLIS 06,PRUDENTOPOLIS,-25.2,-51.0,50,1.022444267245126,160
PRUDENTOPOLIS 07,PRUDENTOPOLIS,-25.2,-50.9,31,0.6421120505771981,160
QUATRO BARRAS 01,QUATRO BARRAS,-25.4,-49.0,29,0.6473855821157838,160
QUITANDINHA 01,QUITANDINHA,-25.9,-49.6,18,0.3705695922932117,160
QUITANDINHA 02,QUITANDINHA,-25.9,-49.5,66,1.3478153846669956,80
REALEZA 01,REALEZA,-25.6,-53.6,22,0.4788283704260873,160
REBOUCAS 01,REBOUCAS,-25.7,-50.7,8,0.1716643188650887,160
REBOUCAS 02,REBOUCAS,-25.6,-50.7,65,1.3318619648512495,80
RIO AZUL 01,RIO AZUL,-25.7,-50.8,44,0.932322556812669,160
RIO BONITO DO IGUACU 01,RIO BONITO DO IGUACU,-25.5,-52.6,7,0.146186863153164,160
RIO BONITO DO IGUACU 02,RIO BONITO DO IGUACU,-25.5,-52.5,4,0.0819055972356713,160
ROLANDIA 01,ROLANDIA,-23.3,-51.4,204,4.168771838685678,40
SANTA LUCIA 01,SANTA LUCIA,-25.4,-53.6,87,1.8156480889856816,80
SANTA MARIANA 01,SANTA MARIANA,-23.2,-50.5,14,0.2866695903248498,160
SANTA MARIANA 02,SANTA MARIANA,-23.1,-50.6,20,0.4188262390136482,160
SANTA MARIANA 03,SANTA MARIANA,-23.1,-50.5,31,0.6564066509007569,160
SANTA TEREZA DO OESTE 01,SANTA TEREZA DO OESTE,-25.1,-53.6,88,1.7970871795559942,80
SANTA TEREZINHA DE ITAIPU 01,SANTA TEREZINHA DE ITAIPU,-25.5,-54.4,86,1.7633429174952286,80
SANTA TEREZINHA DE ITAIPU 02,SANTA TEREZINHA DE ITAIPU,-25.4,-54.4,82,1.7160069253607173,80
SANTO ANTONIO DA PLATINA 01,SANTO ANTONIO DA PLATINA,-23.4,-50.1,26,0.5478666210318122,160
SANTO ANTONIO DA PLATINA 02,SANTO ANTONIO DA PLATINA,-23.3,-50.1,159,3.275580301865689,40
SANTO ANTONIO DA PLATINA 03,SANTO ANTONIO DA PLATINA,-23.3,-50.0,2,0.0430070397876274,160
SANTO ANTONIO DO SUDOESTE 01,SANTO ANTONIO DO SUDOESTE,-26.2,-53.7,24,0.4911031938750342,160
SANTO ANTONIO DO SUDOESTE 02,SANTO ANTONIO DO SUDOESTE,-26.1,-53.7,74,1.5265503988437323,80
SANTO ANTONIO DO SUDOESTE 03,SANTO ANTONIO DO SUDOESTE,-26.1,-53.6,1,0.0929549397880125,160
SAO JOSE DOS PINHAIS 01,SAO JOSE DOS PINHAIS,-25.7,-49.2,31,0.6369107863607081,160
SAO JOSE DOS PINHAIS 02,SAO JOSE DOS PINHAIS,-25.7,-49.1,135,2.76059952156184,80
SAO JOSE DOS PINHAIS 03,SAO JOSE DOS PINHAIS,-25.6,-49.2,802,16.41103172865739,10
SAO JOSE DOS PINHAIS 04,SAO JOSE DOS PINHAIS,-25.6,-49.1,12,0.254269788221637,160
SAO JOSE DOS PINHAIS 05,SAO JOSE DOS PINHAIS,-25.6,-49.0,87,1.7935125909124967,80
SAO JOSE DOS PINHAIS 06,SAO JOSE DOS PINHAIS,-25.5,-49.2,639,13.049303497003184,10
SAO JOSE DOS PINHAIS 07,SAO JOSE DOS PINHAIS,-25.5,-49.1,619,12.674891172220146,10
SAO JOSE DOS PINHAIS 08,SAO JOSE DOS PINHAIS,-25.5,-49.0,12,0.2716695047508273,160
SAO MATEUS DO SUL 01,SAO MATEUS DO SUL,-26.0,-50.6,23,0.491111277726697,160
SAO MATEUS DO SUL 02,SAO MATEUS DO SUL,-26.0,-50.5,13,0.2754589372401067,160
SAO MATEUS DO SUL 03,SAO MATEUS DO SUL,-25.9,-50.5,19,0.4304635638351076,160
SAO MATEUS DO SUL 04,SAO MATEUS DO SUL,-25.9,-50.4,132,2.695630769333991,80
SAO MATEUS DO SUL 05,SAO MATEUS DO SUL,-25.9,-50.3,53,1.0845195531407006,80
SAO MIGUEL DO IGUACU 01,SAO MIGUEL DO IGUACU,-25.4,-54.3,98,2.0161818326990124,80
SAO MIGUEL DO IGUACU 02,SAO MIGUEL DO IGUACU,-25.4,-54.2,25,0.538348679349405,160
SAO MIGUEL DO IGUACU 03,SAO MIGUEL DO IGUACU,-25.3,-54.3,1,0.0579267966299472,160
SAO MIGUEL DO IGUACU 04,SAO MIGUEL DO IGUACU,-25.3,-54.2,111,2.2836345247917387,80
SARANDI 01,SARANDI,-23.5,-51.9,47,0.9708818540325996,160
SAUDADE DO IGUACU 01,SAUDADE DO IGUACU,-25.6,-52.6,1,0.0232976239284427,160
TEIXEIRA SOARES 01,TEIXEIRA SOARES,-25.5,-50.4,43,0.8858487608819159,160
TEIXEIRA SOARES 02,TEIXEIRA SOARES,-25.4,-50.5,2,0.0450437242952986,160
TERRA ROXA 01,TERRA ROXA,-24.4,-54.1,9,0.1897775231771046,160
TERRA ROXA 02,TERRA ROXA,-24.3,-54.1,1,0.1186914908396072,160
TERRA ROXA 03,TERRA ROXA,-24.2,-54.1,1,0.0252287339940599,160
TERRA ROXA 04,TERRA ROXA,-24.1,-54.1,23,0.5273682976450387,160
TERRA ROXA 05,TERRA ROXA,-24.1,-54.0,8,0.178066720630157,160
TIBAGI 01,TIBAGI,-24.9,-50.6,1,0.0233691748016578,160
TIBAGI 02,TIBAGI,-24.9,-50.5,8,0.17613462459181,160
TIBAGI 03,TIBAGI,-24.9,-50.4,81,1.656359712937104,80
TIBAGI 04,TIBAGI,-24.8,-50.5,115,2.351621814663789,80
TIBAGI 05,TIBAGI,-24.7,-50.6,60,1.2590775451706575,80
TIBAGI 06,TIBAGI,-24.7,-50.5,27,0.5577406395506425,160
TIBAGI 07,TIBAGI,-24.7,-50.4,5,0.1031452972191711,160
TIBAGI 08,TIBAGI,-24.6,-50.7,44,0.913872526921366,160
TIBAGI 09,TIBAGI,-24.6,-50.6,29,0.5926195260876699,160
TIBAGI 10,TIBAGI,-24.6,-50.5,5,0.1329775178731461,160
TIBAGI 11,TIBAGI,-24.6,-50.4,8,0.1720281591505096,160
TIBAGI 12,TIBAGI,-24.5,-50.4,27,0.5634769931334875,160
TIBAGI 13,TIBAGI,-24.4,-50.4,8,0.167761343392905,160
TIBAGI 14,TIBAGI,-24.4,-50.3,1,0.1200964737274321,160
TIJUCAS DO SUL 01,TIJUCAS DO SUL,-25.9,-49.2,36,0.74063822425678,160
TIJUCAS DO SUL 02,TIJUCAS DO SUL,-25.9,-49.1,2,0.0557228993208417,160
TIJUCAS DO SUL 03,TIJUCAS DO SUL,-25.8,-49.1,379,7.739727739224111,20
TIJUCAS DO SUL 04,TIJUCAS DO SUL,-25.8,-49.0,123,2.530513932877332,80
TOLEDO 01,TOLEDO,-24.8,-53.7,101,2.062565967444948,80
TOLEDO 02,TOLEDO,-24.7,-53.8,50,1.022444267245126,160
TOLEDO 03,TOLEDO,-24.7,-53.7,55,1.1254448192969535,80
TOLEDO 04,TOLEDO,-24.6,-53.9,35,0.7329459182738844,160
TOLEDO 05,TOLEDO,-24.6,-53.8,1,0.031171369885022,160
TUNAS DO PARANA 01,TUNAS DO PARANA,-25.0,-49.1,12,0.2519892423738702,160
TUNAS DO PARANA 02,TUNAS DO PARANA,-24.9,-49.1,7,0.1585918393076712,160
TUNEIRAS DO OESTE 01,TUNEIRAS DO OESTE,-23.9,-52.9,17,0.3533282204465112,160
TUNEIRAS DO OESTE 02,TUNEIRAS DO OESTE,-23.9,-52.8,10,0.2675917729500373,160
TUNEIRAS DO OESTE 03,TUNEIRAS DO OESTE,-23.9,-52.7,13,0.2827418528613518,160
TUNEIRAS DO OESTE 04,TUNEIRAS DO OESTE,-23.8,-52.9,2,0.0442577562856165,160
UBIRATA 01,UBIRATA,-24.6,-53.1,22,0.4520012032237283,160
UBIRATA 02,UBIRATA,-24.6,-53.0,26,0.5528422271502541,160
UBIRATA 03,UBIRATA,-24.5,-53.0,4,0.094860528298285,160
UBIRATA 04,UBIRATA,-24.5,-52.9,42,0.8582765550235218,160
UNIAO DA VITORIA 01,UNIAO DA VITORIA,-26.2,-51.1,60,1.2277579846875857,80
UNIAO DA VITORIA 02,UNIAO DA VITORIA,-26.2,-51.0,59,1.213003847259614,80
UNIAO DA VITORIA 03,UNIAO DA VITORIA,-26.1,-51.1,1,0.7918665344151937,160
URAI 01,URAI,-23.3,-50.8,46,0.9613161229524624,160
URAI 02,URAI,-23.2,-50.8,2,0.0465596092354363,160
VENTANIA 01,VENTANIA,-24.3,-50.3,4,0.0894914730975665,160
VENTANIA 02,VENTANIA,-24.3,-50.2,1,0.0433921798023521,160
VENTANIA 03,VENTANIA,-24.2,-50.2,37,0.7679596675445031,160
VENTANIA 04,VENTANIA,-24.1,-50.3,11,0.2250889638593906,160
VENTANIA 05,VENTANIA,-24.1,-50.2,23,0.5052905243337051,160
VENTANIA 06,VENTANIA,-24.0,-50.3,13,0.2847767913169859,160
VENTANIA 07,VENTANIA,-24.0,-50.2,19,0.4000870843979264,160
VIRMOND 01,VIRMOND,-25.4,-52.2,52,1.063342037934931,80
